﻿장소,대실,숙박,위치,별점
제주미주호텔,25000원,39000원,제주도제주시연동,9.4
제주애플관광호텔,25000원,39900원,제주도제주시이도일동,8.4
제주포시즌호텔,30000원,35000원,제주도제주시노형동,9.1
제주탑아일랜드,23000원,35000원,제주특별자치도제주시용담일동,9.6
제주퓨어스테이오션,30000원,44900원,제주특별자치도제주시도두이동,9.1
서귀포호텔더그랑-제주중문,0원,120000원,제주도서귀포시색달동,9.6
제주제이투호텔,40000원,45000원,제주특별자치도제주시연동,9.5
제주서문레지던스호텔,40000원,50000원,제주특별자치도제주시용담일동,9.6
제주우림호텔,27000원,35000원,제주도제주시애월읍하귀2리,8.8
제주백호,25000원,40000원,제주도제주시연동,8.9
