﻿이름,위치
제주도 관광특구,제주도
제주도 국가지질공원,제주도 제주시
한라산 (제주도 국가지질공원),제주도 제주시
천지연폭포 (제주도 국가지질공원),제주도 서귀포시
제주도민속자연사박물관,제주도 제주시
제주도립미술관,제주도 제주시
만장굴 (제주도 국가지질공원),제주도 제주시
진미명가,제주도
제주도 스쿠터 여행사 한라하이킹,제주도 제주시
제주도 하도리 숨비소리길(하도리밭담길),제주도 제주시
