﻿이름,위치
울산 12경,울산 중구
부산과 울산 여행을 한번에! 1박2일 여행 코스 추천,울산 울주군
태화강 국가정원 십리대숲 (은하수길),울산 중구
울산대교 전망대,울산 동구
울산 큰애기하우스,울산 중구
어련당[한국관광 품질인증/Korea Quality],울산 중구
울산 문화의거리,울산 중구
울산 귀신고래 회유해면,울산 남구
울산대공원,울산 남구
울산대공원 동물원,울산 남구
