﻿이름,위치
서울낙산스테이 [한국관광 품질인증/Korea Quality],서울 성북구
서울천년타임캡슐광장,서울 중구
남산서울타워,서울 용산구
서울 약령시장,서울 동대문구
서울로 7017,서울 중구
롯데월드타워 서울스카이,서울 송파구
서울시립미술관(서소문본관),서울 중구
인왕사(서울),서울 종로구
경희궁,서울 종로구
정스패밀리 [한국관광 품질인증/Korea Quality],서울 용산구
